N,SDSS_NAME,RA,DEC,MagAve,Sigma
1,103439.69+532850.1,158.6654,53.480634,20.133261082568804,0.363903134738363
2,084007.63+441604.3,130.0318,44.267887,19.68420181226053,0.3041654917972482
3,002838.52-034328.7,7.160507,-3.724645,19.864097329268294,0.3167514100558452
4,001257.81+254337.0,3.240913,25.726951,18.737927141868507,0.2261717523657599
5,094555.44+404950.2,146.48101,40.830634,19.729423711934164,0.3432724840603071
6,145302.38+470832.7,223.25992,47.142439,18.905971650273223,0.1886554514093008
7,013753.96+024207.0,24.474855,2.701947,0.0,0.0
8,100206.79+423144.6,150.52829,42.529078,18.21561204918034,0.0903860999981292
9,081100.33+571134.9,122.75139,57.193049,20.17233945555556,0.2610407422978499
10,231201.18+255807.3,348.00492,25.968719,16.44641119999999,0.0
11,095828.55+555025.0,149.61898,55.840298,20.06822315789474,0.2951299065006963
12,114342.43+271009.2,175.9268,27.169238,19.80584084375,0.3254436220722876
13,083953.06+193830.1,129.97109,19.641699,20.1609789140625,0.4693829474429415
14,081558.88+224139.3,123.99534,22.694275,19.844211116379324,0.3920638642227945
15,011432.12-015357.6,18.63387,-1.899342,19.44637501626016,0.3184471553651582
16,100950.90+254712.7,152.46211,25.786877,19.553008837628852,0.3144560290746008
17,221851.83+205114.0,334.71597,20.853903,18.771257139204543,0.300442516937457
18,012616.13+050209.9,21.56725,5.036112,18.61352649193548,0.2144002772089585
19,012446.05+250004.7,21.191887,25.001314,20.26513891764706,0.3992014191614811
20,002440.07+261147.1,6.166968,26.196427,19.24779572659177,0.3045505080659031
21,101251.66+445532.4,153.21524,44.925695,20.052665957746477,0.259609020356372
23,224700.90+251832.6,341.75378,25.309076,17.91650386111111,0.2710814894331155
24,001213.29+242323.6,3.055415,24.389909,19.6484841577061,0.5953115449780696
25,140004.34+094853.1,210.01811,9.814761,20.36302486821706,0.3220076690667548
26,122333.58+492821.5,185.89002,49.472738,19.88616431496063,0.2591549843393904
27,142450.83+424629.7,216.21182,42.774939,19.152896330143538,0.4168934565530658
28,025306.51-021345.4,43.277135,-2.229287,19.79504481742738,0.3307397522775393
29,021640.73-044404.8,34.169737,-4.734692,16.446543402061863,0.0997492728959328
31,083349.55+395047.3,128.45647,39.846474,19.52238377313433,0.258713911914583
32,111837.14+280054.9,169.65479,28.015255,19.33916163852242,0.3371188828714204
33,124058.54+624814.5,190.2438,62.804142,19.04207335000001,0.2894494369239648
34,012455.55+191221.6,21.231479,19.206003,19.766529500000004,0.3700470197869111
35,132658.39+455100.9,201.7433,45.850264,20.04457699090909,0.4133661548792373
36,132038.12+471543.2,200.15886,47.262086,0.0,0.0
38,015026.85+260524.4,27.611879,26.090132,19.74792908108109,0.303897108424574
39,235629.03+010930.7,359.121,1.158571,19.914691599526066,0.2014907129737464
40,150139.40+324809.9,225.41419,32.802753,20.14913256643356,0.377717663741844
41,134641.20+623100.5,206.67167,62.516892,19.99169481538461,0.338464095091445
42,015751.43+274029.6,29.464329,27.674895,0.0,0.0
43,134512.31+442450.3,206.30133,44.413979,19.456662153846136,0.2738763401022776
46,152022.67+322204.5,230.09449,32.367917,19.56034652272726,0.3094198931335474
47,011744.43+241726.7,19.435142,24.290775,20.060136597989946,0.3603981557374665
48,083239.13+434517.6,128.16305,43.754916,19.90001528048781,0.2201215414013272
49,021507.10-035725.3,33.779611,-3.957032,20.24728489795918,0.3177388827147147
50,121653.36+424048.8,184.22237,42.680225,20.02694377380953,0.3108937951070847
51,000716.86+215146.3,1.820267,21.86288,19.117694213414637,0.4585558347090746
52,142350.04+550316.2,215.95847,55.054594,20.110512543859645,0.3175375951215577
53,020835.75-020204.8,32.148995,-2.034675,18.98166823875433,0.1363679749033319
54,021642.27-025843.2,34.176164,-2.978688,20.043838451428567,0.3408725652424609
55,230020.05+202739.1,345.08357,20.460864,18.813604033132545,0.3151648644599508
57,010810.76-015457.5,17.044852,-1.915995,19.147766741035856,0.2448802352499819
58,013600.23+240543.0,24.000995,24.095301,19.89821491287879,0.2949514123753863
59,012822.63+021737.3,22.094301,2.293699,18.74986582195845,0.2189549902034683
60,004744.16+021803.2,11.934001,2.300903,19.51740178961037,0.2521644357473626
64,151334.90+485406.1,228.39543,48.901714,19.617865048192765,0.2325158327891398
68,082512.33+472815.8,126.3014,47.471193,0.0,0.0
69,095131.29+503251.0,147.8804,50.547513,20.02101288549619,0.3582294849403271
71,085450.39+492315.6,133.70998,49.387751,20.026897166666664,0.3066758948085343
73,212852.68+080308.6,322.21951,8.05239,20.056093854271356,0.4734567780688452
74,013201.54+235323.4,23.006452,23.889835,20.456606444444443,0.196050667885479
75,080608.54+382806.9,121.53561,38.468606,20.254195712962968,0.2849616782236928
77,001619.47+043737.4,4.081146,4.627068,20.314919965986405,0.286819466510515
79,235005.48+233814.2,357.52283,23.637289,19.798378751196168,0.2519871230540016
82,100047.91+372740.7,150.19963,37.461322,19.77570426515152,0.3074216719830254
83,225205.31+245250.0,343.02215,24.880565,19.49749889622641,0.3266156612210285
85,114156.80+044043.9,175.48671,4.678863,20.566085456666663,0.1989840942919009
87,015444.58+232610.3,28.685784,23.436201,18.196460865671632,0.0
88,124926.31+361801.3,192.35965,36.300367,19.64870835294117,0.292735284660101
89,073440.76+445337.6,113.66987,44.893802,19.474961707006354,0.4005710358901242
90,223100.05+240718.9,337.75023,24.121922,0.0,0.0
91,104614.80+375928.5,161.56169,37.991256,19.591702367647063,0.2619730738435618
92,111937.60+545513.7,169.90669,54.920573,20.050286324324325,0.3605082725564496
93,140726.61+282236.1,211.8609,28.376718,17.44115762295081,0.0
94,101528.86+533325.5,153.87024,53.557191,19.912339416666672,0.3640405729761093
96,115624.92+470435.1,179.10385,47.076432,19.033321225988704,0.231092668646399
97,012011.27+200529.9,20.046972,20.091642,0.0,0.0
98,235540.99+281108.4,358.92082,28.185669,19.730993378571423,0.41182841092611
102,225651.29+234711.9,344.21373,23.786648,19.336398244444453,0.2622433776593807
103,120132.12+372911.7,180.38384,37.486601,18.759968695792875,0.2929126079731
104,234006.85+222150.5,355.02855,22.364031,19.93972435135135,0.5450526286394832
105,114948.93+482459.5,177.45388,48.416621,19.29791969135802,0.2285219780407849
106,001116.58+133121.1,2.819126,13.522523,19.890563817258883,0.3738930153282624
107,224033.07+195411.4,340.1378,19.903176,19.949740982142853,0.2868462906937716
108,004621.65+204525.7,11.59024,20.757157,18.531153166233757,0.1077622242007256
109,002710.88+210309.1,6.795364,21.052549,19.477952980830658,0.2978736694257748
110,131727.04+421002.1,199.3627,42.167252,19.97858725625001,0.3525460553430894
111,142304.15+524630.1,215.7673,52.775047,18.448531,0.124603946809111
114,014915.96+023324.9,27.316533,2.556933,18.8979650801282,0.2532449745307397
115,025425.49+033811.3,43.606223,3.636494,18.48497594778068,0.1914927721031996
117,134128.52+492438.1,205.36886,49.410674,0.0,0.0
118,164931.65+483523.9,252.38192,48.590051,19.218062073059365,0.2209609491161585
120,142137.77+441355.5,215.4074,44.232092,19.48295141208791,0.3145389703781155
122,000926.13+320441.6,2.358901,32.07823,20.077477282758625,0.4218942635533543
123,021337.50+023511.9,33.40627,2.586665,19.33847694752188,0.2561238834587169
124,122124.32+350351.6,185.35135,35.064341,19.468367532374117,0.4457246798444532
128,002039.04+275403.7,5.162702,27.90104,0.0,0.0
132,123722.12+402719.4,189.34221,40.455398,20.01030472477064,0.5632177318114592
133,111856.02+495229.7,169.73344,49.874963,0.0,0.0
134,095503.98+561846.7,148.76655,56.312966,18.45876988888889,0.1694662584755875
137,003003.16-032100.0,7.513175,-3.350027,19.58902586842104,0.3058891926766706
138,134147.97+533646.0,205.44989,53.61286,19.42443953125,0.451890240242603
139,144553.76+131614.1,221.47404,13.270598,19.36483534770117,0.2655723146308535
143,144548.27+075256.0,221.45115,7.882236,19.542875437106925,0.2666053743632083
145,124652.20+562122.5,191.71753,56.356329,19.76942809523809,0.1835198147159368
147,084525.57+450156.7,131.35657,45.03244,19.565663687943257,0.3094132380761765
148,004135.96+282218.6,10.399846,28.371861,18.108607970394743,0.0685126176021547
149,074604.21+280624.9,116.51758,28.106937,19.73434463736264,0.6741627245027876
150,150717.62+571727.7,226.82338,57.291095,0.0,0.0
151,021742.25-015937.9,34.42605,-1.993883,18.950868131672586,0.1660810547261576
152,024650.75+020751.7,41.711468,2.131029,19.396106821782187,0.4896214278743551
153,004054.38+244623.3,10.22662,24.773161,19.74437241877256,0.3971145063273829
154,154121.37+063804.1,235.33906,6.634501,0.0,0.0
156,023931.87+002854.0,39.882825,0.481675,18.58666556269114,0.3172805533336182
157,125659.77+071253.6,194.24905,7.214896,20.154025280612245,0.401631023851468
160,145349.87+531745.8,223.4578,53.29613,0.0,0.0
161,140023.27+491243.4,210.09696,49.212089,20.45468933333333,0.0839798046147554
162,133025.74+645424.6,202.60731,64.90688,20.062221823529416,0.4157251717783052
164,001453.83+021452.2,3.724331,2.247847,20.25184986153847,0.1660667118703304
166,092845.08+134801.4,142.18786,13.800414,20.11175860266668,0.2457100126973425
167,142438.09+463022.0,216.15871,46.506115,0.0,0.0
168,102559.95+255522.5,156.4998,25.922927,19.82669292592593,0.4441842178152655
170,110546.14+641557.3,166.44224,64.266039,19.13526613333334,0.2365855621435576
174,232814.76+232305.6,352.06152,23.384892,18.27782465060242,0.151995185353308
177,132854.67+470810.0,202.22778,47.13612,19.752376082733804,0.2989831258268766
179,095847.37+503556.5,149.6974,50.599036,20.12936428571428,0.2868751329212539
180,113714.32+615002.0,174.30962,61.833973,20.38663653571428,0.3979811747222242
182,004716.86+263614.7,11.820291,26.604102,19.92415024365483,0.2616671741142067
184,224336.81+191414.0,340.90341,19.237245,19.26226777903683,0.2612577447378095
186,113843.38+370830.8,174.68077,37.141891,20.165166801204823,0.3293750019989935
188,114832.56+370815.6,177.1357,37.137686,19.869800903930138,0.3602429837467647
189,005610.48-013818.6,14.043678,-1.638512,19.903885580645163,0.5529103355796363
191,021741.23-040035.0,34.421802,-4.009735,19.533908475836437,0.2460308341929565
194,022320.19-030423.0,35.834164,-3.073058,20.07676403076924,0.3505905622813958
195,154128.24+553156.7,235.36771,55.532513,17.93805906338028,0.0767838192473985
198,083457.00+421911.5,128.73754,42.319867,19.663968691131497,0.3747394793825686
200,131724.06+463228.5,199.35026,46.541278,19.394352038216557,0.2691101303752892
204,121639.52+422951.1,184.16468,42.497541,19.745729579787223,0.3164342542219862
205,091247.29+392757.5,138.19706,39.465983,20.24863103571428,0.3502558219273873
208,022407.67+013126.8,36.031962,1.52412,19.418758046296293,0.466360677548417
210,112026.51+580447.7,170.11046,58.079928,20.49878744,0.2421136367641381
212,121417.06+275826.6,183.57112,27.974081,20.09567022302158,0.3174283312397194
213,155400.94+314610.7,238.50394,31.769646,19.52952256228956,0.3081846751518752
215,102055.59+455219.0,155.23166,45.871949,20.27655028448277,0.3039556908573552
217,002538.51+223655.2,6.410493,22.615341,19.357454480565387,0.2583408739914773
218,132257.77+404750.3,200.74072,40.797323,18.21728491015624,0.0962084380287316
219,105829.60+013358.8,164.62336,1.566332,16.662969338308454,0.5932418729114654
223,020621.18-011624.2,31.588268,-1.27341,18.766246324414706,0.116840342919563
224,160546.26+591403.6,241.44272,59.234373,19.32447168461537,0.2751327869571546
230,111128.79+623629.3,167.86984,62.608283,19.75081019672131,0.4513169258674542
231,024004.86-054821.3,40.020263,-5.805919,19.27657163385826,0.3941695432027188
236,141412.84+025409.2,213.55353,2.902579,20.177545128205136,0.3971348665372336
239,023237.97-010231.2,38.158243,-1.042023,20.357009290909097,0.3529451434397628
246,025426.99+044922.3,43.61246,4.822873,18.463109188732385,0.1679116685438108
249,115325.93+251611.4,178.35808,25.269855,19.52701851020409,0.2493722559271525
250,012326.27+235503.9,20.859492,23.917771,18.92826093235292,0.2607538165124677
255,222311.34+185950.6,335.79727,18.997408,20.3000695,0.4545667153868838
256,001004.36+213218.3,2.518204,21.538431,20.148002274336285,0.370296468194096
261,125911.12+482519.7,194.79635,48.422167,19.469649776923077,0.2165447263835198
266,095252.85+405512.3,148.22021,40.920095,19.148979700680268,0.1771192317357045
268,091948.41+400519.7,139.95172,40.088815,19.15864733333333,0.180796431061159
272,133453.37+383647.9,203.7224,38.613328,19.6025768115942,0.2644534795064972
274,152613.80+084502.8,231.55751,8.750785,19.5700134479638,0.3122464210118693
279,111955.69+403623.6,169.98206,40.606583,18.88649273870968,0.1712626006692638
281,092335.47+312408.9,140.89781,31.402495,17.726721422988483,0.0632245819155353
283,100500.34+281252.4,151.25146,28.214578,19.11432340408163,0.2928565363449474
292,100543.79+165425.9,151.43247,16.907208,19.890188796791445,0.3276247598121832
293,220425.37+213206.3,331.10572,21.535093,0.0,0.0
294,005810.00+185622.5,14.541707,18.939598,19.2378356446281,0.3766289046204246
295,101638.73+473619.3,154.16139,47.60537,20.25457902336449,0.3527171261071762
298,153901.87+251804.8,234.75781,25.30134,19.175786814925363,0.3070464401195805
301,074018.29+461422.7,115.07623,46.239653,19.498680165517232,0.3716395068860686
302,104335.87+115129.1,160.89947,11.858111,16.15795404888887,0.0
303,095234.75+503257.3,148.14481,50.54935,19.46787697326203,0.2918442302099229
305,120329.85+480313.6,180.87438,48.05378,16.867239527624292,0.1585568068430421
306,230210.17-005732.4,345.54241,-0.959023,20.26952173983739,0.1583462932736399
307,101353.31+391619.0,153.47213,39.271965,19.16952473163842,0.3267432793159394
309,012744.95+265440.1,21.937306,26.911156,19.409790767584106,0.2224755068348411
322,005615.87-013042.6,14.066135,-1.511838,20.37767515151515,0.5040431822240389
328,102756.70+254146.8,156.98626,25.696336,18.712002685466388,0.2957751689424551
337,213451.82+000240.6,323.71593,0.044649,0.0,0.0
343,223521.91+195339.7,338.8413,19.894379,19.395661828282837,0.3409913900487322
344,015545.83+003524.2,28.940982,0.590076,20.222938000000003,0.4252926214737145
346,110440.72+602822.4,166.16966,60.472994,20.11157,0.3216362435073528
351,131134.38+592010.6,197.89323,59.336361,20.22524025000001,0.3793833955058016
355,231531.63+051156.7,348.88181,5.199103,19.41406208359134,0.3226956493901008
359,125947.30+480241.0,194.94711,48.044725,19.830693756410263,0.3469825597671466
362,123725.21+475700.1,189.35504,47.950035,20.52384719444445,0.355258685560944
367,123016.87+392844.5,187.57029,39.479042,20.10097717821782,0.3478703149142916
373,092736.82+120757.0,141.90342,12.132511,17.69535468760906,0.0464494555433154
378,120754.74+370829.9,181.97809,37.141662,19.023481089285717,0.3576232570683842
381,022134.31-043025.6,35.392993,-4.507112,20.05704815625,0.4341481725669167
385,095022.36+562349.1,147.59318,56.396977,19.575840210191068,0.3485415431710324
388,232856.63+220316.1,352.236,22.054496,19.103851469841285,0.2129769726965317
395,111101.00+463032.1,167.75417,46.508932,19.91485717391304,0.4765097555250235
396,011525.21+050929.5,18.85508,5.158198,18.171152217289723,0.13246784155995
398,164705.67+503358.9,251.77365,50.566375,18.63497115283843,0.1800611605165861
404,013836.26+291625.6,24.651098,29.2738,0.0,0.0
405,015049.53+011849.7,27.70641,1.313808,19.592860288194416,0.3028877457268616
412,083926.50+564228.0,129.86042,56.70779,19.00590518666667,0.2007920451002562
413,083523.56+384313.2,128.84817,38.72034,0.0,0.0
420,111729.57+214513.9,169.37322,21.753862,19.10430679999999,0.2203662745613448
424,104941.24+522455.0,162.42187,52.415278,20.10714542148761,0.2617525076915075
426,090159.75+284355.4,135.49896,28.732082,20.34914302298851,0.4792553549733013
430,073906.41+255504.4,114.77671,25.91789,19.86468766826924,0.4369952890672959
431,122507.46+281135.5,186.28111,28.193213,19.99978508270676,0.5233351567722324
434,105355.18+413251.9,163.47994,41.547753,19.4533897518797,0.2581078730787542
437,160536.73+081329.4,241.40307,8.224859,17.571129816042777,0.654026491915992
439,091028.76+481931.8,137.61987,48.325513,20.106552895161293,0.3260567501111177
441,080000.15+420206.3,120.00063,42.035107,19.74336746942146,0.3411278251721327
447,005335.48+221537.3,13.397866,22.260367,18.208667159493668,0.0956219551185896
449,105730.37+490125.5,164.37657,49.023767,19.215010139534883,0.2881927034070053
453,103243.95+472912.0,158.18313,47.486676,19.117243464601767,0.4477675244776426
455,005925.21+225725.0,14.855057,22.956972,20.119411937500004,0.3353539271170035
457,085704.09+075819.8,134.26705,7.972187,17.53398247570332,0.0369513575776029
459,103925.50+552257.2,159.85625,55.382591,19.16328484375,0.2233273368199738
460,120146.42+195800.2,180.44345,19.966736,0.0,0.0
461,091808.15+435930.3,139.53398,43.991766,20.19495554375,0.291201980868392
463,140533.78+312717.5,211.39078,31.45487,0.0,0.0
469,160834.05+130201.0,242.1419,13.033622,18.701577053619317,0.1163046084329439
473,224513.36+183220.4,341.3057,18.539013,19.60725350458716,0.3033193946061275
478,014645.25-001236.4,26.688557,-0.210137,0.0,0.0
479,163656.84+364340.4,249.23686,36.72791,0.0,0.0
484,005803.35+302950.9,14.513978,30.497488,20.248856587719303,0.306388121888335
485,153731.01+335836.7,234.37924,33.976881,17.72620818442623,0.1852172822721499
487,153804.81+204749.6,234.52008,20.797127,20.042997427835054,0.2856317054759573
495,015737.47+092819.0,29.406142,9.471947,18.88096790925268,0.4821938207323918
497,005957.33+354035.2,14.988887,35.676446,0.0,0.0
501,011100.99+243005.4,17.754143,24.501513,17.601906088319087,0.0
505,022726.14+010909.0,36.858925,1.152511,18.632670454545465,0.1307421724871482
507,121947.90+455048.0,184.9496,45.846674,20.21994071311476,0.2780820381439073
508,220143.39+230556.7,330.43082,23.099097,18.97456653703703,0.2475630257864665
510,083342.37+444435.0,128.42655,44.743078,19.216613475460125,0.2524986276739807
518,234400.14+321748.6,356.00061,32.296858,18.953421426710083,0.1951292672888981
523,081737.27+314707.3,124.40531,31.785375,17.82756034160758,0.1771482859909103
527,235139.29+174750.4,357.91373,17.797361,19.29508511724138,0.2579649400042706
532,080000.95+122430.7,120.00399,12.408556,18.298011794303797,0.4012701734488121
533,014005.12+024700.2,25.021372,2.783406,18.059144824104227,0.1355794177261833
537,231201.83+260550.2,348.00763,26.097304,19.081152101307197,0.2774334729361766
539,223255.46-004622.8,338.2311,-0.773002,19.48731283393504,0.3237534067071365
546,013308.77+065210.1,23.286576,6.869491,20.389575146341475,0.3403471361914466
548,001501.80-073417.7,3.757513,-7.571601,19.99684604310345,0.3824888082360678
550,014238.22+002905.5,25.659271,0.484875,19.52128273867594,0.312445541782122
553,124900.56+424720.1,192.25237,42.788944,20.155611659574465,0.2356797437918213
562,160202.64+214459.2,240.51103,21.749807,19.42412729117649,0.3062017860203145
564,012924.36+251236.9,22.35153,25.210277,0.0,0.0
565,124044.68+330349.8,190.18619,33.063846,17.305490035483867,0.0779732477284783
567,233026.76+320407.5,352.61154,32.068761,0.0,0.0
572,143255.27+151703.0,218.23031,15.284182,18.06285725065963,0.14141065963461
578,164108.19+302322.2,250.28415,30.38951,0.0,0.0
581,110303.52+115816.6,165.7647,11.971272,18.83014508866995,0.3587465076732928
584,121835.58+424749.4,184.64827,42.79706,19.8401854507772,0.2387705121559026
585,115904.38+422617.1,179.76825,42.438099,0.0,0.0
588,162806.68+434029.7,247.02786,43.674945,17.65883007117439,0.0877967665293534
589,163624.48+494446.0,249.10202,49.746125,18.67213596636771,0.0582733071412783
590,125235.36+471922.5,193.14736,47.322939,19.66896286928105,0.3562885325586757
592,121729.19+373903.7,184.37165,37.651052,18.106142634551503,0.0981248417359162
594,003650.00+013103.9,9.208353,1.517755,17.899018685546867,0.9944054137406204
599,221625.26+210435.8,334.10529,21.076622,18.610896185393244,0.1681887177646353
603,223528.50+220020.7,338.86876,22.005754,17.761074904891313,0.1243946253723298
604,224615.45+215011.3,341.5644,21.836478,18.2733806957672,0.1627573860176129
605,001948.28+185506.3,4.951169,18.918439,18.434256324921133,0.148800986991599
606,013151.33+265911.7,22.963904,26.986604,19.379405729483285,0.2733149732058738
607,121139.73+520637.8,182.91556,52.110517,19.788333896296283,0.198486724619522
608,075943.36+331723.6,119.9307,33.289892,19.44822668253969,0.2693468194244963
613,224453.91+234329.8,341.22464,23.724953,18.86353008992807,0.2154661589154041
618,225343.70+195152.6,343.43209,19.86462,19.538325838283832,0.2645240126710195
622,000034.85-012630.6,0.145227,-1.441843,18.806550568181823,0.1748665941738524
626,165821.25+360705.4,254.58856,36.118171,18.919423658602145,0.1785291271380457
632,152715.54+353657.1,231.81478,35.615872,19.205934104089216,0.3113283876235841
634,122044.50+580155.3,185.18546,58.032109,19.92273901886793,0.414472028604592
635,221134.35+195135.4,332.89315,19.859857,18.78024298750001,0.2498982379399958
641,010941.44+002538.4,17.422684,0.42736,20.10928580851064,0.2542176808879473
646,125509.13+370913.2,193.78805,37.15369,20.49768770833333,0.214004980502927
657,224235.37+233309.6,340.64742,23.552688,18.02058817301037,0.1301032711355463
660,223438.45+193350.1,338.66024,19.56392,0.0,0.0
665,093125.73+454116.0,142.85721,45.687793,19.285757468992244,0.3162502530322891
667,230012.33+233527.0,345.05142,23.590834,18.907004843450483,0.1292844298261091
669,105515.39+503037.2,163.81416,50.510346,19.74829871875,0.2657084022036698
672,023339.51-033215.5,38.414658,-3.537656,17.542554669811324,0.4121940610096786
676,015354.82+044240.9,28.47842,4.711375,19.01699045414201,0.1811379336416381
680,111809.66+063917.3,169.5403,6.654822,18.53664143721973,0.1021778618717843
687,121731.09+303127.6,184.37956,30.52435,19.26847969565217,0.2399045614978744
689,001611.49+145601.6,4.047911,14.933788,19.63494908484848,0.2764351206897445
697,105223.76+641938.0,163.09904,64.327311,19.76984255555556,0.4382197988143319
701,220239.73+205102.4,330.66555,20.850673,0.0,0.0
703,141917.36+310923.2,214.82234,31.156452,17.41074657706092,0.0560931742621668
710,123109.16+652320.4,187.78811,65.389108,17.94053281818182,0.3535439314680881
711,075052.04+480345.6,117.71684,48.062765,18.898354870848703,0.2514649068577386
713,010341.18+024310.4,15.921597,2.719577,20.11685074285714,0.3324293190040254
716,134816.05+445502.1,207.06691,44.917256,20.085877690909083,0.3361746982712116
722,131621.34+232800.3,199.08893,23.466758,20.194532780000003,0.4160214209354913
725,224038.14+234457.1,340.15896,23.749195,18.747115461267605,0.1377263557057679
726,130128.83+584802.3,195.3702,58.80075,19.384903732323234,0.2036603778938946
727,232446.67+230626.7,351.19447,23.107437,19.14276202649007,0.2245407885890264
737,143120.39+012840.7,217.83495,1.477982,19.470766190031146,0.3572344547853904
741,102119.52+452654.7,155.33135,45.448535,18.98446723540856,0.2264339789748963
748,001834.94+270020.4,4.645602,27.005693,18.713421674796752,0.2285705008523886
754,080254.03+505636.2,120.72516,50.943409,0.0,0.0
755,141331.79+602615.4,213.38252,60.437676,18.80932907142857,0.1070241581850252
761,165028.63+434914.2,252.61932,43.820633,20.07164344041451,0.2570833312770466
767,084034.87+530553.5,130.14526,53.098243,20.2817403943662,0.272934419718347
772,115517.38+415315.6,178.82244,41.88768,0.0,0.0
776,010622.55-024612.5,16.593976,-2.770166,18.500239867469883,0.2082672043849441
777,013423.96+262025.8,23.599857,26.340527,19.5904347763158,0.2974447705890262
778,003302.77+162745.6,8.261563,16.462692,18.138970478915663,0.1232650061166238
782,215910.35+242124.4,329.79315,24.356802,18.95934480232557,0.334548389897105
790,235737.96+003227.8,359.40818,0.541067,18.816224126262615,0.2130068516203028
794,021041.37+264148.9,32.672381,26.696938,20.10862095522388,0.3009574049460504
795,093416.03+564354.9,143.56681,56.731944,19.102973049645392,0.1928863118546013
796,002410.51+261633.9,6.043819,26.276085,19.57042034496125,0.2646010978504765
801,080957.39+181804.4,122.48913,18.301229,17.74995873889636,0.0460886392912521
809,220843.93+263753.6,332.18308,26.631566,19.448224295302023,0.3106841228190812
811,231527.68+181944.4,348.86535,18.329006,0.0,0.0
813,090154.96+380534.5,135.47902,38.092913,17.720897689320385,0.0331839670988045
822,004903.27+060231.8,12.26366,6.042178,19.677765294759823,0.2762938075021577
824,223529.09+233729.5,338.87124,23.62487,19.03498475088967,0.1554170179484775
827,125136.23+473833.4,192.90098,47.642634,20.377116724137927,0.3671534908143695
828,153843.94+530835.7,234.68304,53.143318,19.402198757009348,0.5626889219226818
833,022804.36+010658.9,37.018185,1.116365,18.322988395498413,0.0375996149501886
834,164645.30+514159.4,251.68877,51.69986,0.0,0.0
838,003408.89+073033.4,8.537079,7.509284,18.449414866840723,0.2316261669457784
846,235115.57+204944.1,357.81491,20.828926,19.901254349397604,0.2253346335740779
850,120758.37+391630.6,181.99324,39.275192,19.844005465116272,0.398422192084825
858,015240.76+284754.6,28.169865,28.798513,18.921906866666657,0.1083775545167123
860,225315.85+035720.5,343.31608,3.955725,19.92046237368421,0.3667998164460946
863,004018.64-042559.5,10.077693,-4.433217,19.70132119607844,0.3557137122354011
871,022655.24+002211.1,36.730192,0.36975,20.14914374647887,0.3611682014311781
873,114657.40+321659.9,176.73919,32.283323,19.406869269162208,0.3645837396758304
878,025316.46+010759.8,43.318607,1.133278,18.713537831325294,0.1900828237378131
884,113709.49+390723.4,174.28958,39.123176,17.875432035294118,0.0404857201143228
888,105440.98-002048.4,163.67078,-0.346795,17.688238378109475,0.0664086600712184
895,123338.65+422238.3,188.41103,42.377291,17.929912852678576,0.1230619440879528
900,141249.21+510006.8,213.20507,51.001897,0.0,0.0
901,140406.76+431740.5,211.02816,43.294602,19.10731171162792,0.1749206507780075
902,161238.32+572759.3,243.15969,57.466503,19.70153432727272,0.3156979516468625
905,104657.59+435601.5,161.74,43.933762,18.218511834482765,0.0838958493916076
907,081812.00+244410.1,124.55002,24.736157,18.78915993613442,0.1489143652921036
911,134423.34+381703.3,206.09728,38.284258,19.55854102403847,0.2699288391816866
913,080333.51+552008.4,120.88968,55.335765,20.296668227272725,0.1921940159726134
920,081237.63+345629.4,123.15683,34.94151,0.0,0.0
923,022608.28-002332.5,36.534515,-0.392376,20.01934240909091,0.9664144231590304
930,125058.11+570921.5,192.74206,57.156007,17.586275179292926,0.0705066849770284
935,014135.09+010116.3,25.39621,1.021202,21.2177298,1.07421142947368
937,164514.64+531001.8,251.311,53.167193,19.99120208045976,0.2705834876998088
938,125633.69+573846.0,194.14043,57.646197,19.909744962499992,0.2618819791978331
953,163826.43+304853.3,249.61014,30.814813,19.664298101492545,0.2981903035754863
954,112139.49+601009.0,170.41454,60.169277,20.265867976744182,0.2912166315813883
958,091454.59+191017.8,138.72746,19.171633,0.0,0.0
967,081505.42+005520.5,123.77261,0.922365,18.400169911949696,0.3300498184848962
974,093416.02+441353.4,143.5668,44.231501,17.96424457750757,0.0794376166148483
977,091126.91+543814.8,137.86215,54.63746,20.431365069767445,0.3049667752952045
981,223000.09+184347.2,337.50041,18.729789,18.06241677836412,0.1596802431848697
985,012849.97-031338.3,22.208246,-3.227317,19.959581297872344,0.404242192212735
989,125528.82+271329.9,193.87011,27.224985,19.44544394426231,0.2384231833968435
992,210001.24-071136.3,315.00519,-7.193428,15.401441689320398,0.0978795870912035
995,011642.53-071312.8,19.177228,-7.220237,19.19285444765343,0.2326204342560726
1004,134808.77+422250.5,207.03658,42.380714,19.86749090517242,0.3627079476138987
1006,104639.75+443924.1,161.66565,44.656721,19.204537790076344,0.3694973330109646
1015,012432.49+200242.6,21.135404,20.045172,20.00128661538461,0.2597444864905239
1032,121930.99+535836.4,184.87913,53.976868,20.73406273333333,0.286225442186663
1039,123851.36+475731.0,189.71402,47.95863,20.028384522388063,0.4283369184697105
1050,153814.65+221730.3,234.56108,22.291774,19.93991578174603,0.2804434845923403
1054,090324.75+424912.5,135.85314,42.820161,0.0,0.0
1055,220846.33+240844.7,332.19305,24.145753,20.182694063829786,0.3759662411722653
1056,215647.11+191529.8,329.19632,19.258299,19.374333017094003,0.1970928051862499
1060,223847.39-002106.9,339.69747,-0.351926,20.16888190000001,0.3989442706767268
1061,002307.69-040730.3,5.782065,-4.125111,18.72437161632654,0.1432661044875978
1068,144328.51+103826.8,220.86879,10.640809,19.442640251612904,0.2449173988927909
1071,015413.51+042059.0,28.556319,4.349741,18.51606313981764,0.4368552013888332
1082,163248.20+495150.4,248.20086,49.864026,19.562860193877544,0.1447212737888577
1085,101247.08+134503.8,153.19621,13.751084,20.06675951030928,0.3224396530245086
1090,100336.25+220800.8,150.90105,22.133568,20.36544779674796,0.5609636187420227
1095,232809.33+243456.3,352.03889,24.58232,18.865335835403727,0.1460581244909966
1100,012658.38-033205.8,21.743261,-3.534945,19.578637214574886,0.3095487141683335
1101,231100.18+011211.9,347.75076,1.203304,15.919088765237024,0.0
1104,084116.50+562715.0,130.31873,56.454276,19.81521394520548,0.237326335749959
1105,090825.07+014227.7,137.10446,1.707702,18.231371981182797,0.1496521384620723
1107,080703.19+424620.1,121.76332,42.772281,18.86734635789474,0.1571351450077174
1109,143745.49+495050.3,219.43958,49.847337,18.9343602337278,0.2419228763118071
1114,082418.87+341656.9,126.07864,34.282487,20.5770695625,0.340467781649041
1116,015646.33+115644.3,29.193047,11.945665,17.99578575254239,0.0774964064588458
1139,000300.02+022852.0,0.750113,2.481118,18.57472939130435,0.2391709304977238
1143,020901.44+012356.9,32.256007,1.399155,19.067283144444445,0.3530965958921078
1147,020718.38+210429.9,31.826586,21.074985,19.51605732738097,0.2146279326837301
1148,133928.78+450634.6,204.86995,45.109634,20.42871409090909,0.3094853976539224
1150,084302.03+485710.8,130.7585,48.953022,18.52110880859376,0.2253446848671801
1158,011046.83-043803.3,17.695134,-4.634255,18.298038108771923,0.1168015746577817
1160,221250.45+201846.7,333.21025,20.312984,18.679546625999983,0.4024886975539318
1161,133225.24+342419.1,203.1052,34.405311,19.4100716059322,0.300699910911699
1163,013614.30+262709.2,24.059623,26.452571,19.485615944785263,0.2737599036624431
1167,092101.37+523524.7,140.25573,52.590317,19.145425974468083,0.178924769376151
1170,103334.68+495047.7,158.3945,49.846703,20.41589154347826,0.4096905879080479
1171,123633.74+655837.5,189.14058,65.977173,19.763144679245283,0.4037212464777759
1173,121214.69+043407.6,183.06124,4.568797,19.467702976063816,0.3327347748051136
1174,113020.40+422204.2,172.58501,42.367845,18.14003762857144,0.2547434900611102
1178,094706.42+083421.3,146.77678,8.572605,17.439819637499994,0.1882748342327323
1180,002422.07+221932.6,6.091984,22.325736,20.109960983870963,0.2851184837133967
1181,092450.30+231749.8,141.20959,23.297183,18.3591081541502,0.1906370836060036
1182,084129.37+555946.8,130.37232,55.99645,0.0,0.0
1184,003844.41+275347.5,9.685071,27.896551,18.551867033434643,0.1386841052765137
1194,110156.43+442424.8,165.48515,44.406912,20.344466333333337,0.4539444798265186
1196,133953.90+461731.0,204.97459,46.291952,19.91297456896552,0.5239609530097227
1198,141757.98+463042.5,214.49161,46.511816,19.907402203125,0.3237631008098196
1199,082253.89+420720.1,125.72455,42.122254,19.2707980406504,0.1777015623464245
1204,015225.11+222815.6,28.104661,22.471011,0.0,0.0
1217,083118.03+395053.7,127.82513,39.848271,18.9967048658892,0.2751845477260586
1218,121103.92+123406.1,182.76634,12.568381,16.897183586288413,0.0
1219,132008.67+413820.7,200.03613,41.639096,19.779955200495067,0.3871851684634342
1220,090449.96+495136.4,136.20814,49.860216,20.490160380952386,0.1575957993540997
1225,082202.44+264642.2,125.51019,26.778393,19.40237107751939,0.1946552371778107
1226,144033.18+374409.4,220.13828,37.735947,17.42940904803493,0.0814402515418091
1228,005537.20+053449.8,13.905006,5.580525,19.476026402390406,0.2890048550376422
1234,153134.71+043842.3,232.89466,4.645106,19.87441874609375,0.2798187876026664
1237,160855.86+111725.0,242.23278,11.290299,19.77940310447761,0.420360062892202
1239,014113.52-012304.2,25.306344,-1.384515,19.13577371104816,0.3055170132471959
1242,000612.11+075843.7,1.550469,7.978802,19.41031030029155,0.2613054695371564
1246,100806.71+452858.6,152.02797,45.482945,19.472675472644383,0.3893826450216613
1262,153416.37+232629.9,233.56822,23.441644,19.40751070623145,0.2203733473687195
1263,094007.61+513034.1,145.03171,51.509479,18.93761280952381,0.2789971852262515
1265,011717.47+023943.7,19.322809,2.662142,18.85816216358024,0.1960932115641959
1267,003941.14+002220.2,9.921443,0.372304,20.34807024074074,0.289501723867084
1268,121858.07+360151.5,184.742,36.030989,20.757802509090904,0.2116179157599151
1270,133431.74-031546.1,203.63228,-3.262828,19.413842964467012,0.3908019958707544
1278,102720.21+301719.2,156.83421,30.288679,19.91530542727274,0.283938668458384
1280,120000.15+650740.3,180.00063,65.127885,0.0,0.0
1287,091854.50+485345.4,139.7271,48.896026,19.831659530232557,0.2102820894288811
1297,163438.75+560353.2,248.6615,56.064841,19.9988660877193,0.4134370076174103
1298,012249.30+250410.5,20.705421,25.069604,20.235805888,0.2588970479645873
1310,235341.04+251407.3,358.42103,25.235381,19.16932722310757,0.3186165784370648
1311,130424.01+344903.2,196.10006,34.817569,19.2403885652174,0.2039079183665743
1318,075723.46+254318.2,119.34778,25.721732,19.75141695116774,0.3710952064933865
1321,110341.32+245355.5,165.92218,24.898773,19.2432390518868,0.232652908706569
1331,133739.83+393254.7,204.41599,39.548542,20.256050577464787,0.3920350001011847
1350,121334.23+521452.0,183.39261,52.247903,20.28062098876405,0.2962528279145166
1356,214642.51+262046.7,326.67713,26.346317,19.947470848484844,0.4093253979445537
1360,230710.86+105327.4,346.79528,10.890974,18.32967157181572,0.1617643813642584
1366,134701.56+640504.6,206.75649,64.084695,19.53067680821918,0.2624233797011071
1375,145448.13+602924.1,223.70059,60.490121,0.0,0.0
1379,104231.12+221300.4,160.62967,22.216807,17.78910823899372,0.181937182403763
1381,225551.03+184922.3,343.96265,18.822868,18.55348277650428,0.1731676501593943
1390,002537.74+181006.3,6.407272,18.168435,19.80445264897959,0.4263400728737377
1391,160937.93+551039.7,242.40815,55.177757,18.58995443243242,0.0
1399,025244.18-014953.0,43.184118,-1.831401,20.49582463793104,0.2469973651912134
1404,085606.39+391339.0,134.02663,39.227524,19.72083474444444,0.2822849655794026
1409,125932.26+413913.1,194.88444,41.653647,20.68658725757576,0.2361197854696184
1412,082038.17+383417.1,125.15905,38.571422,19.656010316384183,0.3444444932787611
1415,013022.89+120724.0,22.595397,12.123352,18.95742417866004,0.3401482152406666
1424,121903.69+053317.8,184.76539,5.554957,19.30578924626865,0.258713991050109
1438,014743.80+242435.0,26.932516,24.409748,0.0,0.0
1439,103853.09+203447.7,159.72124,20.579944,19.467384165137616,0.2299534578702003
1441,092906.43+553631.9,142.27683,55.608862,19.667528227758,0.2721650242849678
1443,040907.29-043235.2,62.2804,-4.543133,19.669674196491226,0.4096530355724782
1448,114240.93+601550.4,175.6706,60.264052,17.82652171794871,0.1296237242531345
1449,213247.67+042751.9,323.19864,4.46444,19.585905804878053,0.3235565569479944
1454,000947.23+095111.5,2.446821,9.853198,19.44209561702127,0.3479399808203541
1461,141058.00+484455.6,212.74171,48.748824,18.845534306451626,0.3984467182229376
1462,100102.13+505826.7,150.25891,50.97419,19.605821608040205,0.4496375191165107
1468,120749.38+323007.6,181.95576,32.502128,19.91050921551724,0.2674781726443958
1470,101240.96+483259.3,153.17068,48.549825,19.254366856287422,0.3432530216124238
1476,140553.95+632047.2,211.47475,63.346502,19.497265261538463,0.2619338815479535
1479,154251.47+324824.5,235.71448,32.806819,17.603493194202905,0.1037908118669456
1480,151214.59+154849.8,228.06083,15.813854,19.839292072243357,0.2755715760452774
1486,074649.95+330116.5,116.70816,33.021272,19.522571231143573,0.2293065259674334
1490,222749.69+190718.1,336.95708,19.12172,18.397358562500003,0.6675220904253105
1491,001028.93+204348.5,2.620547,20.730156,18.61439457677902,0.4057968232494589
1508,161218.79+203722.5,243.07832,20.622927,19.35184598466257,0.2668552644414487
1511,150309.40+513146.7,225.78919,51.529688,18.943165640522885,0.1579057534053936
1514,135655.61+162143.4,209.23174,16.362067,19.59780544604318,0.3277686155372611
1530,011656.63+183701.4,19.235976,18.617075,20.2166315,0.8075004212990717
1543,001902.52+040038.8,4.76052,4.010792,17.899221356981993,0.0964042651190593
1550,074026.41+365534.4,115.11006,36.926226,0.0,0.0
1558,081602.73+513535.4,124.01133,51.593227,18.295872269230763,0.2683693383153069
1559,111706.87+605719.2,169.27865,60.955438,19.994908459770112,0.3848936971308864
1567,133201.50+392931.2,203.00627,39.492014,19.325474374999988,0.4355949355750446
1574,020337.80+044938.0,30.907522,4.827245,18.414849935251794,0.1007939770423621
1575,141118.57+415133.3,212.82741,41.85927,19.391882955947136,0.2465890574183005
1577,005027.00-034216.7,12.612527,-3.704641,19.227647291666656,0.3273449612306739
1578,002745.66+020844.4,6.94027,2.145671,0.0,0.0
1588,004445.14+174250.6,11.188121,17.714071,0.0,0.0
1589,152727.21+020903.9,231.86337,2.15111,17.233082185792348,0.0
1596,221238.52+254913.7,333.16051,25.820486,19.47884223489933,0.2033310215946281
1614,003047.47+064743.0,7.697811,6.795289,19.008588511221948,0.2524917230925007
1615,224454.74+210807.0,341.2281,21.13529,0.0,0.0
1619,093244.38+500938.3,143.18485,50.160733,17.973446380000002,1.027349359790397
1620,022340.78-042255.6,35.919922,-4.382121,0.0,0.0
1621,105959.15+322447.1,164.99647,32.413103,20.10570496875,0.3355902723933949
1626,141319.83+513718.1,213.33263,51.621704,18.63411578306878,0.2889712704055152
1628,014728.86+263132.8,26.870261,26.525796,20.304760252032526,0.3398139443111312
1633,161833.35+465037.1,244.63898,46.84366,17.56238014903846,0.0922573776617161
1637,104305.37+491550.1,160.77241,49.263923,18.901486644444443,0.162223481801697
1647,152457.07+161205.9,231.2378,16.201644,19.21621922666668,0.2612316460781029
1648,212110.27-032639.8,320.29283,-3.444393,18.591629853828312,0.1628143571729755
1650,115450.66+254352.9,178.71111,25.731371,19.2042875854342,0.1972710370808798
1656,023035.85+032800.6,37.6494,3.466851,18.3405642744361,0.1541034050778938
1658,231127.15+201414.4,347.86316,20.237342,19.639033968888874,0.4702029298833895
1662,150631.24+550354.0,226.63022,55.065072,20.170374236363635,0.2513832334253109
1671,151827.90+421206.2,229.61628,42.201739,20.49125077777778,0.4880587047026204
1672,172809.56+371659.8,262.03985,37.283304,19.11345732919256,0.3565171879886099
1675,125243.04+405529.6,193.17933,40.924905,19.658747449781654,0.2673385391887029
1677,001017.62-042335.0,2.573458,-4.393072,18.313949873417727,0.1769638642609369
1703,003755.41+312040.5,9.480903,31.344587,18.349735458677674,0.2478514601986746
1705,005518.17+072452.6,13.82573,7.414624,19.738144668316835,0.2974138473409074
1706,011526.40+235333.1,18.860022,23.892537,18.9684642347826,0.2000088923914914
1707,102230.28+454016.4,155.62617,45.671228,19.15499712601626,0.2285662619368308
1712,132122.55+415639.0,200.34399,41.944193,18.697695490347503,0.4391839686834212
1714,101947.22+055518.2,154.94676,5.921728,18.50147863615562,0.3528418463522816
1715,115732.88+540041.2,179.38693,54.011508,18.61886853913043,0.293588898874294
1721,001548.95-045622.3,3.953966,-4.939544,19.05081332967032,0.1770455585047403
1731,133343.35+161414.1,203.43063,16.237241,17.715683126436765,0.0549070095631634
1732,235656.63+262748.2,359.236,26.463414,19.93959372611466,0.3302256553815721
1754,130924.32+531327.4,197.35134,53.224294,19.92680710958903,0.3610544443693414
1755,081242.11+285504.9,123.17546,28.918052,18.5023479076479,0.4993035179128082
1757,020048.36-021751.2,30.201517,-2.297561,18.52728470344826,0.0
1772,141634.36+515849.2,214.14319,51.980358,18.93770951162791,0.2395031816216918
1775,001136.42+190724.4,2.901768,19.123457,18.182095263940525,0.1409342618174888
1782,163232.75+352127.7,248.13648,35.357717,19.225817574712654,0.342111026513251
1784,103605.30+061337.7,159.02209,6.227165,19.076757054229915,0.2307320103220325
1785,022459.10-030015.8,36.246257,-3.004396,19.42775015730337,0.312088424120435
1787,012343.04+261522.4,20.929355,26.256224,18.566479003205124,0.1804635846095172
1788,000146.18-015933.5,0.442417,-1.992644,18.36271193181818,0.0915473715101454
1795,234953.36-015309.5,357.47234,-1.885988,19.733543931645578,0.4568178850786349
1802,165539.83+291114.8,253.91596,29.187449,18.82026468209876,0.3269571514158565
1803,113958.11+584248.5,174.99209,58.713532,19.651318010752696,0.3197730820154256
1806,000627.18+203719.5,1.613282,20.622091,20.026402435294123,0.3647915851302642
1808,154053.10+460854.6,235.22127,46.148509,19.90484565730337,0.268311221259363
1809,003859.67-034000.7,9.748644,-3.666881,19.414166873873864,0.4075942208138519
1812,101914.09+243343.5,154.80874,24.562094,19.14611303333332,0.223056887108136
1813,140003.07+391055.2,210.01285,39.181999,18.788858822580643,0.2762318270953828
1820,234747.05+011859.8,356.94605,1.316615,19.97758908015265,0.3168102301913565
1830,021138.71+261041.1,32.911314,26.178098,19.1311940152439,0.2576867598406824
1831,235321.81-011528.1,358.34089,-1.257806,16.43812913333332,0.1030714484596047
1832,213421.38-030501.5,323.58912,-3.083757,19.475801914498128,0.3852297755843952
1834,090624.91+530851.1,136.6038,53.147613,0.0,0.0
1839,080914.89+463938.8,122.31205,46.66078,17.188144075301203,0.1790604292712932
1840,222727.60+182338.1,336.86503,18.393934,18.559398013333325,0.1458657771165934
1844,010800.05+064918.7,17.000231,6.821887,19.70189998752228,0.4652129601697197
1848,000725.50+220634.2,1.856274,22.109526,20.38895532352941,0.3526919991336792
1852,081412.00+454429.3,123.55002,45.741485,0.0,0.0
1853,021755.78+063300.0,34.482429,6.550012,18.346725112759646,0.0328876653164337
1862,215010.20+225032.9,327.54251,22.842489,18.749712073446325,0.1373697375861853
1863,103327.71+323646.1,158.36549,32.612825,19.63857490555555,0.2929421177762525
1868,025405.09-043716.2,43.521249,-4.621175,18.24243393898305,0.0945605294205006
1873,103859.09+374721.6,159.74622,37.78934,0.0,0.0
1878,221551.45+203237.9,333.96441,20.543862,0.0,0.0
1883,023152.45-034447.4,37.968546,-3.746509,17.779786301369864,0.0965522014008022
1891,125050.32+312553.7,192.70967,31.431585,17.61985035806453,0.1002802380221291
1900,014222.93-002719.7,25.595581,-0.455497,0.0,0.0
1904,144800.50+582019.0,222.002,58.338719,0.0,0.0
1907,090053.24+400522.4,135.22186,40.089573,19.30854573550725,0.2412897810048546
1911,085658.31+465815.5,134.243,46.970983,19.919088054945053,0.2379062632898876
1912,235359.03+254515.3,358.49599,25.75427,20.38491431506849,0.4178890193720152
1921,142315.29+411325.6,215.81372,41.223829,19.94119848051947,0.3888848426981285
1928,002137.60+274242.0,5.406695,27.71167,18.435645881188123,0.1892131450959946
1932,134719.40+590232.7,206.83086,59.042449,15.60097092920354,0.0961580001562069
1944,234502.61+325624.7,356.26088,32.940201,19.46395293392072,0.468849219764532
1950,114045.83+221732.7,175.19099,22.292419,20.153259381818184,0.2970958756001143
1955,083136.93+485827.5,127.90391,48.974318,20.15315081300813,0.2707186828457634
1967,000050.02+092321.9,0.20843,9.389433,18.26393663109755,0.2367243730081951
1968,100511.14+474807.1,151.29645,47.801984,19.8002880326087,0.237741070029889
1972,082203.39+404442.3,125.51416,40.7451,20.38312603333333,0.4174597636771801
1978,101830.20+521000.6,154.62582,52.166951,19.27224317894737,0.2326405214165837
1981,113626.47+203935.3,174.11031,20.659816,19.856687304195805,0.4302733474214951
1997,081735.07+223717.7,124.39615,22.621597,17.367546245749626,0.0970819369260869
2005,014022.68+075357.0,25.094538,7.899176,18.7623491554054,0.1922578995031262
2008,091458.99+451826.3,138.74582,45.307314,19.9417186390244,0.3378420420376237
2011,000404.07+201556.6,1.016982,20.265726,19.93936503529412,0.5576441882166088
2013,110504.80+204947.9,166.27003,20.829988,19.801340385756674,0.2629002223760797
2014,145836.35+502132.6,224.65148,50.359071,19.531462293333337,0.3816136706124224
2019,083417.06+440203.5,128.57111,44.034327,20.340931945454543,0.4441695851049849
2021,022242.15-080600.3,35.675653,-8.100086,19.93507410447761,0.4318997694362497
2025,075421.46+150856.9,118.58943,15.149164,20.18395829411765,0.390959742896876
2026,130529.39+583522.8,196.37246,58.589757,19.96404651515152,0.2908033295394301
2030,010307.65+250352.0,15.781912,25.064467,18.524242968481364,0.1470775607895026
2042,094447.01+482646.7,146.19588,48.446449,19.392635394495414,0.2144024460927256
2057,145344.76+505329.8,223.43652,50.891638,0.0,0.0
2062,013326.95+254024.6,23.362312,25.673512,18.43379704093567,0.1171041975174421
2072,140951.70+384029.3,212.46542,38.674822,19.28923130044842,0.266586108738701
2076,233116.87+203032.5,352.82031,20.509037,18.695692293577977,0.2005383147598307
2084,221756.92+010119.4,334.48719,1.022083,17.952950438320205,0.0339403320926611
2093,101702.11+353405.4,154.2588,35.568193,17.754863653409092,0.0489453611182505
2094,004846.72+183824.1,12.194669,18.640048,17.256299351791522,0.6112105880951397
2099,011907.69+204412.2,19.782059,20.736723,19.14047848595505,0.2374406192227399
2111,142434.80+473203.9,216.14503,47.534435,0.0,0.0
2128,130052.48+473108.5,195.21868,47.519049,19.94537437301587,0.3166975354891791
2135,093852.71+551352.7,144.71965,55.231323,20.88086238461539,0.0
2141,111713.57+243840.0,169.30656,24.644454,19.13489524876848,0.1801161309602799
2143,003851.08-031411.6,9.712848,-3.236561,19.721558547169817,0.2540450899307797
2148,142435.56+592848.0,216.14815,59.480051,19.3928013373494,0.1359699420755188
2155,014629.61-041335.6,26.623391,-4.226583,19.557302310810805,0.3534644350711748
2158,141559.24+510410.0,213.99686,51.069504,19.869973575757584,0.1764748637972697
2165,090634.09+574439.1,136.64207,57.744212,20.231942225806453,0.2535804834254838
2168,093924.91+484449.0,144.85376,48.747079,0.0,0.0
2177,073808.38+442742.9,114.53492,44.46193,18.66829911793612,0.1585753242050488
2178,225619.91+210949.3,344.08297,21.1637,20.15083943790848,0.257660885359457
2179,014224.46+032625.1,25.60192,3.440323,20.104903895833345,0.287342656836214
2182,134747.19+403114.3,206.94666,40.520663,18.72044773191489,0.1987589963224619
2188,213534.73-031216.8,323.89472,-3.204679,0.0,0.0
2192,211521.18-005733.3,318.83825,-0.95927,20.094041787564763,0.3004818665535346
2193,142320.19+205044.6,215.83413,20.845722,20.25571629032258,0.3275810026277164
2211,003346.91+231419.9,8.445478,23.238874,17.727645769014085,0.0347732178194155
2218,225534.84+140504.0,343.89517,14.084475,20.171604915887848,0.2654196322348588
2225,011604.22+053009.5,19.017604,5.502663,18.35041199554565,0.2177368042765033
2232,091022.57+483231.0,137.59405,48.542052,19.109099573333346,0.2802385164049782
2233,224453.54+271000.9,341.22309,27.166938,20.136505833333334,0.3069678565416677
2236,230800.26+111715.6,347.00111,11.287679,19.36428608547009,0.2800316800476346
2242,115201.86+511540.6,178.00772,51.261369,19.70165247572816,0.2516106830423617
2244,210722.65+064647.2,316.84438,6.77979,18.21184555118109,0.197291210796671
2249,220803.15+065604.1,332.01314,6.934479,18.407347167173256,0.3542002283705041
2263,002249.47+163502.6,5.706158,16.584084,19.01334040909091,0.3097854146877141
2264,233651.33+230409.1,354.2139,23.069203,0.0,0.0
2269,095633.93+562216.0,149.14143,56.371137,17.17424094117648,0.0
2275,021142.69-041059.1,32.927886,-4.183098,20.01592050602411,0.4092965423911798
2277,132915.38+020140.5,202.31412,2.027922,20.492322878260868,0.3805173909761321
2278,011201.01+214503.4,18.004241,21.750969,19.74991946382979,0.354918799999149
2280,132416.78+464805.9,201.06994,46.801653,19.78451926551725,0.2203392308710803
2282,105451.62+553736.2,163.71516,55.626816,18.80939570422536,0.209675284846744
2285,233512.17+095238.8,353.80072,9.877459,18.67917782162162,0.1893799606961122
2286,144232.02+454435.6,220.63342,45.74324,19.725106986666677,0.1745489326837621
2287,225221.87+045207.1,343.09113,4.868656,19.56835514696483,0.5635565621645682
2291,102133.07+271513.3,155.3878,27.253695,20.185694869257947,0.3236051009004427
2298,152956.88+420516.8,232.487,42.088018,19.96515564814814,0.3576163548111811
2299,020938.65+032550.9,32.411059,3.430826,17.612963108247424,0.3064010873718452
2300,113245.50+431637.9,173.18961,43.277221,17.3320442132353,0.0510791265236513
2311,161606.79+442150.9,244.0283,44.36416,20.409505152941176,0.1298300019113773
2313,020458.66+032703.2,31.244431,3.450896,18.574898729549247,0.4845857239237562
2314,081733.09+484528.2,124.38788,48.757855,0.0,0.0
2317,102001.02+343433.5,155.00427,34.575983,20.601052783783786,0.155208776239395
2324,084651.22+181813.0,131.71344,18.303628,19.590519054524368,0.319633970393242
2343,120901.88+510759.4,182.25784,51.133169,19.97902481443299,0.4376116688293838
2354,081552.44+154309.7,123.96853,15.719369,17.906379256239603,0.683949041900495
2367,232405.85+164341.3,351.0244,16.728157,0.0,0.0
2373,091024.74+373210.2,137.60309,37.536193,19.863366944983845,0.2896471215118151
2376,093456.90+545621.1,143.73709,54.939219,0.0,0.0
2377,100327.49+263534.0,150.86458,26.5928,19.533360408653856,0.3512342762819941
2384,211616.47+023856.4,319.06863,2.649021,18.596540738425933,0.2127523671316518
2391,083034.47+493535.1,127.64363,49.593197,18.46248857358489,0.1183151564824668
2398,015744.15+291436.4,29.434002,29.243456,20.30729127272728,0.3312958886493855
2401,002333.58-024655.6,5.889952,-2.782121,18.66165675675676,0.0829333690233134
2402,022513.81+040723.7,36.307567,4.123272,19.67280088095237,0.3437992825188385
2413,024131.89-053139.6,40.382888,-5.527677,17.408803324503317,0.0
2415,010153.95+050622.4,15.474798,5.106234,20.261995603846145,0.3511329168432699
2419,112538.56+453829.5,171.41071,45.64154,19.72261794350281,0.2718994308300876
2423,092543.20+444955.5,141.43,44.832088,19.572243999999998,0.2577497196942944
2428,075828.99+420808.1,119.62081,42.135611,0.0,0.0
2453,001241.25+225219.6,3.171898,22.872125,20.08266683333333,0.5329627364594065
2458,114124.05+551550.9,175.35022,55.264254,20.056889203703708,0.3261871808975068
2466,003625.84+011258.4,9.107678,1.21623,19.934789332268352,0.3621503984336441
2471,152255.01+510822.9,230.72927,51.139726,18.9496393397436,0.3229169158998414
2486,153626.35+342219.4,234.10982,34.372076,20.74145946666666,0.0835978033783208
2489,235324.87+312633.4,358.35366,31.442634,0.0,0.0
2492,224914.03+251353.5,342.30848,25.231542,18.327058473895583,0.0979954003169527
2495,002125.18+231025.1,5.354948,23.173671,19.920191558620694,0.2583363650937193
2515,090712.21+091056.4,136.80089,9.182353,19.756614253164557,0.4541983616457378
2518,080121.75+424913.6,120.34064,42.820461,20.12279477514793,0.3586019083049017
2521,134922.40+560248.1,207.34338,56.046821,19.093747291262137,0.2358049254864809
2522,134014.81+375201.1,205.06173,37.866992,0.0,0.0
2536,220237.72+030647.5,330.65718,3.113202,19.97244503703704,0.31273610443801
2561,111322.53+441414.0,168.34389,44.23724,20.505000634920638,0.3114517860992182
2572,105700.61+535646.7,164.25255,53.946397,19.03467833333333,0.2713504861069739
2575,104109.06-031341.9,160.28775,-3.228319,19.657946619047618,0.4409981504734654
2581,155714.27+370555.4,239.30945,37.098748,20.07628685714286,0.3498203980553353
2583,011042.60+220223.7,17.677509,22.039923,19.39868008146069,0.3605609780559624
2586,025709.53+023913.3,44.289733,2.653699,19.273579167286243,0.4405353221315787
2622,105602.21+642117.7,164.00921,64.355014,19.854482062500004,0.3572696065903903
2627,151053.24+240943.3,227.72185,24.162033,19.79805320704846,0.351742100650132
2639,084938.53+180639.9,132.41057,18.111097,19.546885309985093,0.2775572945404244
2644,002727.80+280522.9,6.865874,28.089706,18.749015538216558,0.1220634163143637
2646,022135.37-040312.1,35.397382,-4.05338,20.23593805833333,0.283560460806706
2650,141528.04+441938.8,213.86685,44.327455,19.87723810975611,0.2690965204587633
2652,170550.47+344511.6,256.46029,34.753233,20.247473480000004,0.3295251807008743
2664,002007.96+240825.1,5.033178,24.140327,18.93629932801419,0.328194169094634
2665,165157.18+222129.1,252.98828,22.358092,19.683627205047312,0.2529259723944114
2669,222746.12+123534.0,336.94221,12.592802,19.316459533527706,0.2463173453153238
2670,115434.14+594839.9,178.64227,59.81109,19.15120590196078,0.2481000599329796
2674,013451.23+054727.4,23.713497,5.790962,18.76177123670213,0.189883928882423
